{"client_id":"server","hostname":"server","fqdn":"server"}
{"client_id":"C.3a758d34e4df6d92","hostname":"PC11","fqdn":"PC11","system":"windows","release":"Microsoft Windows 11 Home24H2","architecture":"amd64","ip_address":"104.243.215.229:43811","ping":1757297344151850,"client_version":"0.74.5","client_name":"velociraptor","first_seen_at":1757269210,"build_time":"2025-07-03T16:15:07Z","mac_addresses":["c8:d9:d2:ae:28:a5","00:ff:97:00:c6:61","de:a2:66:21:e6:b3","fe:a2:66:21:e6:b3","00:50:56:c0:00:01","00:50:56:c0:00:08","dc:a2:66:21:e6:b3"],"last_interrogate_flow_id":"F.D2USPMIFLF6EA","last_interrogate_artifact_name":"Generic.Client.Info/BasicInformation","last_event_table_version":1757297087478994479,"in_flight_flows":{"F.D2V3K76RO7Q08":1757297344}}
