{"artifact":"Client.Windows.Sigcheck","filename":"artifacts/Client.Windows.Sigcheck.yaml","metadata":null}
{"artifact":"Custom.Elastic.Flows.Upload","filename":"artifacts/Custom.Elastic.Flows.Upload.yaml","metadata":null}
{"artifact":"Custom.FileSystem.FileCollector","filename":"artifacts/Custom.FileSystem.FileCollector.yaml","metadata":null}
{"artifact":"Custom.FileSystem.FileCollectorNoHashses","filename":"artifacts/Custom.FileSystem.FileCollectorNoHashses.yaml","metadata":null}
{"artifact":"Custom.FileSystem.FileCollectorWithHashes","filename":"artifacts/Custom.FileSystem.FileCollectorWithHashes.yaml","metadata":null}
{"artifact":"Custom.Linux.Detection.AnomalousFiles","filename":"artifacts/Custom.Linux.Detection.AnomalousFiles.yaml","metadata":null}
{"artifact":"Custom.Server.Import.TenRoot.Artifacts","filename":"artifacts/Custom.Server.Import.TenRoot.Artifacts.yaml","metadata":null}
{"artifact":"Custom.Server.Slack.Clients.Online","filename":"artifacts/Custom.Server.Slack.Clients.Online.yaml","metadata":null}
{"artifact":"Custom.Server.Utils.KAPEtoGCP","filename":"artifacts/Custom.Server.Utils.KAPEtoGCP.yaml","metadata":null}
{"artifact":"Custom.Server.Utils.KAPEtoS3","filename":"artifacts/Custom.Server.Utils.KAPEtoS3.yaml","metadata":null}
{"artifact":"Custom.Windows.DensityScout","filename":"artifacts/Custom.Windows.DensityScout.yaml","metadata":null}
{"artifact":"Custom.Windows.Detection.Usn.malwareTest","filename":"artifacts/Custom.Windows.Detection.Usn.malwareTest.yaml","metadata":null}
{"artifact":"Custom.Windows.EventLogs.EvtxHunter.Network.Connections","filename":"artifacts/Custom.Windows.EventLogs.EvtxHunter.Network.Connections.yaml","metadata":null}
{"artifact":"Custom.Windows.EventLogs.Network.Share.Access","filename":"artifacts/Custom.Windows.EventLogs.Network.Share.Access.yaml","metadata":null}
{"artifact":"Custom.Windows.EventLogs.Process.Creation","filename":"artifacts/Custom.Windows.EventLogs.Process.Creation.yaml","metadata":null}
{"artifact":"Custom.Windows.Events.Kerberoasting","filename":"artifacts/Custom.Windows.Events.Kerberoasting.yaml","metadata":null}
{"artifact":"Custom.Windows.GoldFinger.TGT.Analyzer","filename":"artifacts/Custom.Windows.GoldFinger.TGT.Analyzer.yaml","metadata":null}
{"artifact":"Custom.Windows.MSRT","filename":"artifacts/Custom.Windows.MSRT.yaml","metadata":null}
{"artifact":"Custom.Windows.Monitor.Downloads.Folders","filename":"artifacts/Custom.Windows.Monitor.Downloads.Folders.yaml","metadata":null}
{"artifact":"Custom.Windows.Monitor.User.Public.Folders","filename":"artifacts/Custom.Windows.Monitor.User.Public.Folders.yaml","metadata":null}
{"artifact":"Custom.Windows.Mounted.Mass.Storage","filename":"artifacts/Custom.Windows.Mounted.Mass.Storage.yaml","metadata":null}
{"artifact":"Custom.Windows.Network.PacketCapture","filename":"artifacts/Custom.Windows.Network.PacketCapture.yaml","metadata":null}
{"artifact":"Custom.Windows.System.PowerShell.Encoded","filename":"artifacts/Custom.Windows.System.PowerShell.Encoded.yaml","metadata":null}
{"artifact":"Custom.Windows.System.PowerShell.Encoded.With.Json.Upload","filename":"artifacts/Custom.Windows.System.PowerShell.Encoded.With.Json.Upload.yaml","metadata":null}
{"artifact":"Custom.Windows.System.Powershell.PSReadline.QuickWins","filename":"artifacts/Custom.Windows.System.Powershell.PSReadline.QuickWins.yaml","metadata":null}
{"artifact":"Custom.rUnAtOoL","filename":"artifacts/Custom.rUnAtOoL.yaml","metadata":null}
{"artifact":"DetectRaptor.Generic.Detection.YaraFile","filename":"artifacts/DetectRaptor.Generic.Detection.YaraFile.yaml","metadata":null}
{"artifact":"DetectRaptor.Generic.Detection.YaraWebshell","filename":"artifacts/DetectRaptor.Generic.Detection.YaraWebshell.yaml","metadata":null}
{"artifact":"DetectRaptor.Linux.Detection.YaraProcessLinux","filename":"artifacts/DetectRaptor.Linux.Detection.YaraProcessLinux.yaml","metadata":null}
{"artifact":"DetectRaptor.Macos.Detection.YaraProcessMacos","filename":"artifacts/DetectRaptor.Macos.Detection.YaraProcessMacos.yaml","metadata":null}
{"artifact":"DetectRaptor.Server.ManageContent","filename":"artifacts/DetectRaptor.Server.ManageContent.yaml","metadata":null}
{"artifact":"DetectRaptor.Server.StartHunts","filename":"artifacts/DetectRaptor.Server.StartHunts.yaml","metadata":null}
{"artifact":"DetectRaptor.Windows.Detection.Amcache","filename":"artifacts/DetectRaptor.Windows.Detection.Amcache.yaml","metadata":null}
{"artifact":"DetectRaptor.Windows.Detection.Applications","filename":"artifacts/DetectRaptor.Windows.Detection.Applications.yaml","metadata":null}
{"artifact":"DetectRaptor.Windows.Detection.BinaryRename","filename":"artifacts/DetectRaptor.Windows.Detection.BinaryRename.yaml","metadata":null}
{"artifact":"DetectRaptor.Windows.Detection.Bootloaders","filename":"artifacts/DetectRaptor.Windows.Detection.Bootloaders.yaml","metadata":null}
{"artifact":"DetectRaptor.Windows.Detection.Evtx","filename":"artifacts/DetectRaptor.Windows.Detection.Evtx.yaml","metadata":null}
{"artifact":"DetectRaptor.Windows.Detection.HijackLibsEnv","filename":"artifacts/DetectRaptor.Windows.Detection.HijackLibsEnv.yaml","metadata":null}
{"artifact":"DetectRaptor.Windows.Detection.HijackLibsMFT","filename":"artifacts/DetectRaptor.Windows.Detection.HijackLibsMFT.yaml","metadata":null}
{"artifact":"DetectRaptor.Windows.Detection.LolDriversMalicious","filename":"artifacts/DetectRaptor.Windows.Detection.LolDriversMalicious.yaml","metadata":null}
{"artifact":"DetectRaptor.Windows.Detection.LolDriversVulnerable","filename":"artifacts/DetectRaptor.Windows.Detection.LolDriversVulnerable.yaml","metadata":null}
{"artifact":"DetectRaptor.Windows.Detection.LolRMM","filename":"artifacts/DetectRaptor.Windows.Detection.LolRMM.yaml","metadata":null}
{"artifact":"DetectRaptor.Windows.Detection.MFT","filename":"artifacts/DetectRaptor.Windows.Detection.MFT.yaml","metadata":null}
{"artifact":"DetectRaptor.Windows.Detection.MFT.Erasing.Tools","filename":"artifacts/DetectRaptor.Windows.Detection.MFT.Erasing.Tools.yaml","metadata":null}
{"artifact":"DetectRaptor.Windows.Detection.NamedPipes","filename":"artifacts/DetectRaptor.Windows.Detection.NamedPipes.yaml","metadata":null}
{"artifact":"DetectRaptor.Windows.Detection.Powershell.ISEAutoSave","filename":"artifacts/DetectRaptor.Windows.Detection.Powershell.ISEAutoSave.yaml","metadata":null}
{"artifact":"DetectRaptor.Windows.Detection.Powershell.PSReadline","filename":"artifacts/DetectRaptor.Windows.Detection.Powershell.PSReadline.yaml","metadata":null}
{"artifact":"DetectRaptor.Windows.Detection.Webhistory","filename":"artifacts/DetectRaptor.Windows.Detection.Webhistory.yaml","metadata":null}
{"artifact":"DetectRaptor.Windows.Detection.Yara.LolDrivers","filename":"artifacts/DetectRaptor.Windows.Detection.Yara.LolDrivers.yaml","metadata":null}
{"artifact":"DetectRaptor.Windows.Detection.YaraProcessWin","filename":"artifacts/DetectRaptor.Windows.Detection.YaraProcessWin.yaml","metadata":null}
{"artifact":"DetectRaptor.Windows.Detection.ZoneIdentifier","filename":"artifacts/DetectRaptor.Windows.Detection.ZoneIdentifier.yaml","metadata":null}
{"artifact":"DetectRaptor.Windows.Registry.NetworkProvider","filename":"artifacts/DetectRaptor.Windows.Registry.NetworkProvider.yaml","metadata":null}
{"artifact":"Elastic.Events.Clients_testing_final_test","filename":"artifacts/Elastic.Events.Clients_testing_final_test.yaml","metadata":null}
{"artifact":"Exchange.Alert.Windows.EVTX.PowerPickHostVersion","filename":"artifacts/Exchange.Alert.Windows.EVTX.PowerPickHostVersion.yaml","metadata":null}
{"artifact":"Exchange.Custom.Windows.Nirsoft.LastActivityView","filename":"artifacts/Exchange.Custom.Windows.Nirsoft.LastActivityView.yaml","metadata":null}
{"artifact":"Exchange.CyberTriage.Collector","filename":"artifacts/Exchange.CyberTriage.Collector.yaml","metadata":null}
{"artifact":"Exchange.Detection.Application.CursedChrome","filename":"artifacts/Exchange.Detection.Application.CursedChrome.yaml","metadata":null}
{"artifact":"Exchange.Docker.Image.Export","filename":"artifacts/Exchange.Docker.Image.Export.yaml","metadata":null}
{"artifact":"Exchange.FreeBSD.Sys.Utx","filename":"artifacts/Exchange.FreeBSD.Sys.Utx.yaml","metadata":null}
{"artifact":"Exchange.Generic.Collection.UAC","filename":"artifacts/Exchange.Generic.Collection.UAC.yaml","metadata":null}
{"artifact":"Exchange.Generic.CommonLogFormat.AccessLogs","filename":"artifacts/Exchange.Generic.CommonLogFormat.AccessLogs.yaml","metadata":null}
{"artifact":"Exchange.Generic.Detection.Confluence_CVE_2023_22527","filename":"artifacts/Exchange.Generic.Detection.Confluence_CVE_2023_22527.yaml","metadata":null}
{"artifact":"Exchange.Generic.Detection.EffluenceWebshell","filename":"artifacts/Exchange.Generic.Detection.EffluenceWebshell.yaml","metadata":null}
{"artifact":"Exchange.Generic.Detection.LunasecLog4shell","filename":"artifacts/Exchange.Generic.Detection.LunasecLog4shell.yaml","metadata":null}
{"artifact":"Exchange.Generic.Detection.ManageEngineLog","filename":"artifacts/Exchange.Generic.Detection.ManageEngineLog.yaml","metadata":null}
{"artifact":"Exchange.Generic.Detection.WebShells","filename":"artifacts/Exchange.Generic.Detection.WebShells.yaml","metadata":null}
{"artifact":"Exchange.Generic.Detection.Yara.SSH","filename":"artifacts/Exchange.Generic.Detection.Yara.SSH.yaml","metadata":null}
{"artifact":"Exchange.Generic.Detection.log4jRCE","filename":"artifacts/Exchange.Generic.Detection.log4jRCE.yaml","metadata":null}
{"artifact":"Exchange.Generic.Events.TrackNetworkConnections","filename":"artifacts/Exchange.Generic.Events.TrackNetworkConnections.yaml","metadata":null}
{"artifact":"Exchange.Generic.Forensics.CyLR","filename":"artifacts/Exchange.Generic.Forensics.CyLR.yaml","metadata":null}
{"artifact":"Exchange.HashRunKeys","filename":"artifacts/Exchange.HashRunKeys.yaml","metadata":null}
{"artifact":"Exchange.IPCheck.Virustotal","filename":"artifacts/Exchange.IPCheck.Virustotal.yaml","metadata":null}
{"artifact":"Exchange.IRIS.Sync.Asset","filename":"artifacts/Exchange.IRIS.Sync.Asset.yaml","metadata":null}
{"artifact":"Exchange.IRIS.Timeline.Add","filename":"artifacts/Exchange.IRIS.Timeline.Add.yaml","metadata":null}
{"artifact":"Exchange.Label.DomainController","filename":"artifacts/Exchange.Label.DomainController.yaml","metadata":null}
{"artifact":"Exchange.Label.User","filename":"artifacts/Exchange.Label.User.yaml","metadata":null}
{"artifact":"Exchange.Linux.Applications.Docker.Ps","filename":"artifacts/Exchange.Linux.Applications.Docker.Ps.yaml","metadata":null}
{"artifact":"Exchange.Linux.Applications.WgetHSTS","filename":"artifacts/Exchange.Linux.Applications.WgetHSTS.yaml","metadata":null}
{"artifact":"Exchange.Linux.Carving.SSHLogs","filename":"artifacts/Exchange.Linux.Carving.SSHLogs.yaml","metadata":null}
{"artifact":"Exchange.Linux.Collection.Autoruns","filename":"artifacts/Exchange.Linux.Collection.Autoruns.yaml","metadata":null}
{"artifact":"Exchange.Linux.Collection.BrowserExtensions","filename":"artifacts/Exchange.Linux.Collection.BrowserExtensions.yaml","metadata":null}
{"artifact":"Exchange.Linux.Collection.BrowserHistory","filename":"artifacts/Exchange.Linux.Collection.BrowserHistory.yaml","metadata":null}
{"artifact":"Exchange.Linux.Collection.CatScale","filename":"artifacts/Exchange.Linux.Collection.CatScale.yaml","metadata":null}
{"artifact":"Exchange.Linux.Collection.DBConfig","filename":"artifacts/Exchange.Linux.Collection.DBConfig.yaml","metadata":null}
{"artifact":"Exchange.Linux.Collection.History","filename":"artifacts/Exchange.Linux.Collection.History.yaml","metadata":null}
{"artifact":"Exchange.Linux.Collection.NetworkConfig","filename":"artifacts/Exchange.Linux.Collection.NetworkConfig.yaml","metadata":null}
{"artifact":"Exchange.Linux.Collection.SysConfig","filename":"artifacts/Exchange.Linux.Collection.SysConfig.yaml","metadata":null}
{"artifact":"Exchange.Linux.Collection.SysLogs","filename":"artifacts/Exchange.Linux.Collection.SysLogs.yaml","metadata":null}
{"artifact":"Exchange.Linux.Collection.UserConfig","filename":"artifacts/Exchange.Linux.Collection.UserConfig.yaml","metadata":null}
{"artifact":"Exchange.Linux.Debian.GPGKeys","filename":"artifacts/Exchange.Linux.Debian.GPGKeys.yaml","metadata":null}
{"artifact":"Exchange.Linux.Detection.BruteForce","filename":"artifacts/Exchange.Linux.Detection.BruteForce.yaml","metadata":null}
{"artifact":"Exchange.Linux.Detection.CVE20214034","filename":"artifacts/Exchange.Linux.Detection.CVE20214034.yaml","metadata":null}
{"artifact":"Exchange.Linux.Detection.ConfluenceLogs","filename":"artifacts/Exchange.Linux.Detection.ConfluenceLogs.yaml","metadata":null}
{"artifact":"Exchange.Linux.Detection.Honeyfiles","filename":"artifacts/Exchange.Linux.Detection.Honeyfiles.yaml","metadata":null}
{"artifact":"Exchange.Linux.Detection.IncorrectPermissions","filename":"artifacts/Exchange.Linux.Detection.IncorrectPermissions.yaml","metadata":null}
{"artifact":"Exchange.Linux.Detection.MemFD","filename":"artifacts/Exchange.Linux.Detection.MemFD.yaml","metadata":null}
{"artifact":"Exchange.Linux.Detection.SSHKeyFileCmd","filename":"artifacts/Exchange.Linux.Detection.SSHKeyFileCmd.yaml","metadata":null}
{"artifact":"Exchange.Linux.Detection.vRealizeLogInsightExploitation","filename":"artifacts/Exchange.Linux.Detection.vRealizeLogInsightExploitation.yaml","metadata":null}
{"artifact":"Exchange.Linux.Event.Network.Nethogs","filename":"artifacts/Exchange.Linux.Event.Network.Nethogs.yaml","metadata":null}
{"artifact":"Exchange.Linux.ExtractKthread","filename":"artifacts/Exchange.Linux.ExtractKthread.yaml","metadata":null}
{"artifact":"Exchange.Linux.Forensics.EnvironmentVariables","filename":"artifacts/Exchange.Linux.Forensics.EnvironmentVariables.yaml","metadata":null}
{"artifact":"Exchange.Linux.Forensics.ProcFD","filename":"artifacts/Exchange.Linux.Forensics.ProcFD.yaml","metadata":null}
{"artifact":"Exchange.Linux.Forensics.RecentlyUsed","filename":"artifacts/Exchange.Linux.Forensics.RecentlyUsed.yaml","metadata":null}
{"artifact":"Exchange.Linux.Forensics.Targets","filename":"artifacts/Exchange.Linux.Forensics.Targets.yaml","metadata":null}
{"artifact":"Exchange.Linux.Kunai","filename":"artifacts/Exchange.Linux.Kunai.yaml","metadata":null}
{"artifact":"Exchange.Linux.LogAnalysis.ChopChopGo","filename":"artifacts/Exchange.Linux.LogAnalysis.ChopChopGo.yaml","metadata":null}
{"artifact":"Exchange.Linux.Memory.AVML","filename":"artifacts/Exchange.Linux.Memory.AVML.yaml","metadata":null}
{"artifact":"Exchange.Linux.Network.NM.Connections","filename":"artifacts/Exchange.Linux.Network.NM.Connections.yaml","metadata":null}
{"artifact":"Exchange.Linux.Network.Nethogs","filename":"artifacts/Exchange.Linux.Network.Nethogs.yaml","metadata":null}
{"artifact":"Exchange.Linux.Network.Netstat.Watcher","filename":"artifacts/Exchange.Linux.Network.Netstat.Watcher.yaml","metadata":null}
{"artifact":"Exchange.Linux.Persistence.LdPreload","filename":"artifacts/Exchange.Linux.Persistence.LdPreload.yaml","metadata":null}
{"artifact":"Exchange.Linux.Remediation.Quarantine.IPTables","filename":"artifacts/Exchange.Linux.Remediation.Quarantine.IPTables.yaml","metadata":null}
{"artifact":"Exchange.Linux.Sys.APTHistory","filename":"artifacts/Exchange.Linux.Sys.APTHistory.yaml","metadata":null}
{"artifact":"Exchange.Linux.Sys.Getcap","filename":"artifacts/Exchange.Linux.Sys.Getcap.yaml","metadata":null}
{"artifact":"Exchange.Linux.Sys.JournalCtl","filename":"artifacts/Exchange.Linux.Sys.JournalCtl.yaml","metadata":null}
{"artifact":"Exchange.Linux.Sys.Modinfo","filename":"artifacts/Exchange.Linux.Sys.Modinfo.yaml","metadata":null}
{"artifact":"Exchange.Linux.Sys.SystemdTimer","filename":"artifacts/Exchange.Linux.Sys.SystemdTimer.yaml","metadata":null}
{"artifact":"Exchange.Linux.Sysinternals.Sysmon","filename":"artifacts/Exchange.Linux.Sysinternals.Sysmon.yaml","metadata":null}
{"artifact":"Exchange.Linux.Sysinternals.SysmonEvent","filename":"artifacts/Exchange.Linux.Sysinternals.SysmonEvent.yaml","metadata":null}
{"artifact":"Exchange.Linux.System.BashLogout","filename":"artifacts/Exchange.Linux.System.BashLogout.yaml","metadata":null}
{"artifact":"Exchange.Linux.System.PAM","filename":"artifacts/Exchange.Linux.System.PAM.yaml","metadata":null}
{"artifact":"Exchange.Linux.Volatility.Create.Profile","filename":"artifacts/Exchange.Linux.Volatility.Create.Profile.yaml","metadata":null}
{"artifact":"Exchange.MacOS.Applications.Cache","filename":"artifacts/Exchange.MacOS.Applications.Cache.yaml","metadata":null}
{"artifact":"Exchange.MacOS.Applications.Firefox.History","filename":"artifacts/Exchange.MacOS.Applications.Firefox.History.yaml","metadata":null}
{"artifact":"Exchange.MacOS.Applications.KnowledgeC","filename":"artifacts/Exchange.MacOS.Applications.KnowledgeC.yaml","metadata":null}
{"artifact":"Exchange.MacOS.Applications.NetworkUsage","filename":"artifacts/Exchange.MacOS.Applications.NetworkUsage.yaml","metadata":null}
{"artifact":"Exchange.MacOS.Applications.Notes","filename":"artifacts/Exchange.MacOS.Applications.Notes.yaml","metadata":null}
{"artifact":"Exchange.MacOS.Applications.Safari.Downloads","filename":"artifacts/Exchange.MacOS.Applications.Safari.Downloads.yaml","metadata":null}
{"artifact":"Exchange.MacOS.Applications.Safari.History","filename":"artifacts/Exchange.MacOS.Applications.Safari.History.yaml","metadata":null}
{"artifact":"Exchange.MacOS.Applications.SavedState","filename":"artifacts/Exchange.MacOS.Applications.SavedState.yaml","metadata":null}
{"artifact":"Exchange.MacOS.Collection.Aftermath","filename":"artifacts/Exchange.MacOS.Collection.Aftermath.yaml","metadata":null}
{"artifact":"Exchange.MacOS.Files.FileMonitor","filename":"artifacts/Exchange.MacOS.Files.FileMonitor.yaml","metadata":null}
{"artifact":"Exchange.MacOS.Forensics.ASL","filename":"artifacts/Exchange.MacOS.Forensics.ASL.yaml","metadata":null}
{"artifact":"Exchange.MacOS.Forensics.KnockKnock","filename":"artifacts/Exchange.MacOS.Forensics.KnockKnock.yaml","metadata":null}
{"artifact":"Exchange.MacOS.Logs.MacMonitor","filename":"artifacts/Exchange.MacOS.Logs.MacMonitor.yaml","metadata":null}
{"artifact":"Exchange.MacOS.Network.ApplicationLayerFirewall","filename":"artifacts/Exchange.MacOS.Network.ApplicationLayerFirewall.yaml","metadata":null}
{"artifact":"Exchange.MacOS.Network.Bluetooth","filename":"artifacts/Exchange.MacOS.Network.Bluetooth.yaml","metadata":null}
{"artifact":"Exchange.MacOS.Network.DHCP","filename":"artifacts/Exchange.MacOS.Network.DHCP.yaml","metadata":null}
{"artifact":"Exchange.MacOS.Network.LittleSnitch","filename":"artifacts/Exchange.MacOS.Network.LittleSnitch.yaml","metadata":null}
{"artifact":"Exchange.MacOS.Network.RecentWifiNetworks","filename":"artifacts/Exchange.MacOS.Network.RecentWifiNetworks.yaml","metadata":null}
{"artifact":"Exchange.MacOS.ParallelsVM.SuspendedMemory","filename":"artifacts/Exchange.MacOS.ParallelsVM.SuspendedMemory.yaml","metadata":null}
{"artifact":"Exchange.MacOS.Sys.Automator","filename":"artifacts/Exchange.MacOS.Sys.Automator.yaml","metadata":null}
{"artifact":"Exchange.MacOS.Sys.BashHistory","filename":"artifacts/Exchange.MacOS.Sys.BashHistory.yaml","metadata":null}
{"artifact":"Exchange.MacOS.System.LocationServices","filename":"artifacts/Exchange.MacOS.System.LocationServices.yaml","metadata":null}
{"artifact":"Exchange.MacOS.System.Man","filename":"artifacts/Exchange.MacOS.System.Man.yaml","metadata":null}
{"artifact":"Exchange.MacOS.System.MountedDiskImages","filename":"artifacts/Exchange.MacOS.System.MountedDiskImages.yaml","metadata":null}
{"artifact":"Exchange.MacOS.UnifiedLogHunter","filename":"artifacts/Exchange.MacOS.UnifiedLogHunter.yaml","metadata":null}
{"artifact":"Exchange.MacOS.UnifiedLogParser","filename":"artifacts/Exchange.MacOS.UnifiedLogParser.yaml","metadata":null}
{"artifact":"Exchange.Notebooks.Admin.Flows","filename":"artifacts/Exchange.Notebooks.Admin.Flows.yaml","metadata":null}
{"artifact":"Exchange.PSList.VTLookup","filename":"artifacts/Exchange.PSList.VTLookup.yaml","metadata":null}
{"artifact":"Exchange.PSList.VTLookup.ServerMetaData","filename":"artifacts/Exchange.PSList.VTLookup.ServerMetaData.yaml","metadata":null}
{"artifact":"Exchange.Server.Alerts.GenericMonitor","filename":"artifacts/Exchange.Server.Alerts.GenericMonitor.yaml","metadata":null}
{"artifact":"Exchange.Server.Alerts.IRIS.Case.Create","filename":"artifacts/Exchange.Server.Alerts.IRIS.Case.Create.yaml","metadata":null}
{"artifact":"Exchange.Server.Alerts.Mattermost","filename":"artifacts/Exchange.Server.Alerts.Mattermost.yaml","metadata":null}
{"artifact":"Exchange.Server.Alerts.Monitor.IRIS","filename":"artifacts/Exchange.Server.Alerts.Monitor.IRIS.yaml","metadata":null}
{"artifact":"Exchange.Server.Alerts.TrackNetworkConnections","filename":"artifacts/Exchange.Server.Alerts.TrackNetworkConnections.yaml","metadata":null}
{"artifact":"Exchange.Server.Analysis.CyberChefServer","filename":"artifacts/Exchange.Server.Analysis.CyberChefServer.yaml","metadata":null}
{"artifact":"Exchange.Server.Enrichment.AI.Anthropic","filename":"artifacts/Exchange.Server.Enrichment.AI.Anthropic.yaml","metadata":null}
{"artifact":"Exchange.Server.Enrichment.AI.Gemini","filename":"artifacts/Exchange.Server.Enrichment.AI.Gemini.yaml","metadata":null}
{"artifact":"Exchange.Server.Enrichment.AI.Ollama","filename":"artifacts/Exchange.Server.Enrichment.AI.Ollama.yaml","metadata":null}
{"artifact":"Exchange.Server.Enrichment.AI.OpenAI","filename":"artifacts/Exchange.Server.Enrichment.AI.OpenAI.yaml","metadata":null}
{"artifact":"Exchange.Server.Enrichment.EchoTrail","filename":"artifacts/Exchange.Server.Enrichment.EchoTrail.yaml","metadata":null}
{"artifact":"Exchange.Server.Enrichment.Gimphash","filename":"artifacts/Exchange.Server.Enrichment.Gimphash.yaml","metadata":null}
{"artifact":"Exchange.Server.Enrichment.IRIS.IOCLookup","filename":"artifacts/Exchange.Server.Enrichment.IRIS.IOCLookup.yaml","metadata":null}
{"artifact":"Exchange.Server.Enrichment.MalwareBazaar","filename":"artifacts/Exchange.Server.Enrichment.MalwareBazaar.yaml","metadata":null}
{"artifact":"Exchange.Server.Enrichment.SecureAnnex","filename":"artifacts/Exchange.Server.Enrichment.SecureAnnex.yaml","metadata":null}
{"artifact":"Exchange.Server.Enrichment.Strelka.FileScan","filename":"artifacts/Exchange.Server.Enrichment.Strelka.FileScan.yaml","metadata":null}
{"artifact":"Exchange.Server.Enrichment.Sublime.EmailAnalysis","filename":"artifacts/Exchange.Server.Enrichment.Sublime.EmailAnalysis.yaml","metadata":null}
{"artifact":"Exchange.Server.Enrichment.ThreatFox","filename":"artifacts/Exchange.Server.Enrichment.ThreatFox.yaml","metadata":null}
{"artifact":"Exchange.Server.Enrichment.Virustotal.FileScan","filename":"artifacts/Exchange.Server.Enrichment.Virustotal.FileScan.yaml","metadata":null}
{"artifact":"Exchange.Server.Findflows","filename":"artifacts/Exchange.Server.Findflows.yaml","metadata":null}
{"artifact":"Exchange.Server.Hunt.Comparison","filename":"artifacts/Exchange.Server.Hunt.Comparison.yaml","metadata":null}
{"artifact":"Exchange.Server.Import.DetectRaptor","filename":"artifacts/Exchange.Server.Import.DetectRaptor.yaml","metadata":null}
{"artifact":"Exchange.Server.Import.WatchLocalDirectory","filename":"artifacts/Exchange.Server.Import.WatchLocalDirectory.yaml","metadata":null}
{"artifact":"Exchange.Server.Import.WatchS3Directory","filename":"artifacts/Exchange.Server.Import.WatchS3Directory.yaml","metadata":null}
{"artifact":"Exchange.Server.Monitor.Autolabeling.Clients","filename":"artifacts/Exchange.Server.Monitor.Autolabeling.Clients.yaml","metadata":null}
{"artifact":"Exchange.Server.Notification.Mastodon","filename":"artifacts/Exchange.Server.Notification.Mastodon.yaml","metadata":null}
{"artifact":"Exchange.Server.Notification.Mattermost","filename":"artifacts/Exchange.Server.Notification.Mattermost.yaml","metadata":null}
{"artifact":"Exchange.Server.PostProcess.FluentBit","filename":"artifacts/Exchange.Server.PostProcess.FluentBit.yaml","metadata":null}
{"artifact":"Exchange.Server.Slack.Clients.Enrolled","filename":"artifacts/Exchange.Server.Slack.Clients.Enrolled.yaml","metadata":null}
{"artifact":"Exchange.Server.Telegram.Clients.Enrolled","filename":"artifacts/Exchange.Server.Telegram.Clients.Enrolled.yaml","metadata":null}
{"artifact":"Exchange.Server.Utils.BackupAzure","filename":"artifacts/Exchange.Server.Utils.BackupAzure.yaml","metadata":null}
{"artifact":"Exchange.Server.Utils.DeleteClientLabel","filename":"artifacts/Exchange.Server.Utils.DeleteClientLabel.yaml","metadata":null}
{"artifact":"Exchange.Server.Utils.OrphanedFlows","filename":"artifacts/Exchange.Server.Utils.OrphanedFlows.yaml","metadata":null}
{"artifact":"Exchange.Server.Utils.QuerySummary","filename":"artifacts/Exchange.Server.Utils.QuerySummary.yaml","metadata":null}
{"artifact":"Exchange.Server.Utils.ScheduledDeletion","filename":"artifacts/Exchange.Server.Utils.ScheduledDeletion.yaml","metadata":null}
{"artifact":"Exchange.Splunk.Events.Clients","filename":"artifacts/Exchange.Splunk.Events.Clients.yaml","metadata":null}
{"artifact":"Exchange.Windows.ActiveDirectory.PrivilegedUsers","filename":"artifacts/Exchange.Windows.ActiveDirectory.PrivilegedUsers.yaml","metadata":null}
{"artifact":"Exchange.Windows.Analysis.Capa","filename":"artifacts/Exchange.Windows.Analysis.Capa.yaml","metadata":null}
{"artifact":"Exchange.Windows.Analysis.SuspiciousWMIConsumers","filename":"artifacts/Exchange.Windows.Analysis.SuspiciousWMIConsumers.yaml","metadata":null}
{"artifact":"Exchange.Windows.Applications.AnyDesk","filename":"artifacts/Exchange.Windows.Applications.AnyDesk.yaml","metadata":null}
{"artifact":"Exchange.Windows.Applications.AnyDesk.LogParser","filename":"artifacts/Exchange.Windows.Applications.AnyDesk.LogParser.yaml","metadata":null}
{"artifact":"Exchange.Windows.Applications.Cylance","filename":"artifacts/Exchange.Windows.Applications.Cylance.yaml","metadata":null}
{"artifact":"Exchange.Windows.Applications.DIEC","filename":"artifacts/Exchange.Windows.Applications.DIEC.yaml","metadata":null}
{"artifact":"Exchange.Windows.Applications.DefenderDHParser","filename":"artifacts/Exchange.Windows.Applications.DefenderDHParser.yaml","metadata":null}
{"artifact":"Exchange.Windows.Applications.DefenderHistory","filename":"artifacts/Exchange.Windows.Applications.DefenderHistory.yaml","metadata":null}
{"artifact":"Exchange.Windows.Applications.DefenderQuarantineExtract","filename":"artifacts/Exchange.Windows.Applications.DefenderQuarantineExtract.yaml","metadata":null}
{"artifact":"Exchange.Windows.Applications.FTKImager","filename":"artifacts/Exchange.Windows.Applications.FTKImager.yaml","metadata":null}
{"artifact":"Exchange.Windows.Applications.FTKImager.Fixed","filename":"artifacts/Exchange.Windows.Applications.FTKImager.Fixed.yaml","metadata":null}
{"artifact":"Exchange.Windows.Applications.FreeFileSync","filename":"artifacts/Exchange.Windows.Applications.FreeFileSync.yaml","metadata":null}
{"artifact":"Exchange.Windows.Applications.GoodSync","filename":"artifacts/Exchange.Windows.Applications.GoodSync.yaml","metadata":null}
{"artifact":"Exchange.Windows.Applications.KACE_SW_Process","filename":"artifacts/Exchange.Windows.Applications.KACE_SW_Process.yaml","metadata":null}
{"artifact":"Exchange.Windows.Applications.LECmd","filename":"artifacts/Exchange.Windows.Applications.LECmd.yaml","metadata":null}
{"artifact":"Exchange.Windows.Applications.MouseWithoutBorders","filename":"artifacts/Exchange.Windows.Applications.MouseWithoutBorders.yaml","metadata":null}
{"artifact":"Exchange.Windows.Applications.OfficeMacros.MacroRaptor","filename":"artifacts/Exchange.Windows.Applications.OfficeMacros.MacroRaptor.yaml","metadata":null}
{"artifact":"Exchange.Windows.Applications.OfficeServerCache","filename":"artifacts/Exchange.Windows.Applications.OfficeServerCache.yaml","metadata":null}
{"artifact":"Exchange.Windows.AttackSimulation.AtomicRedTeam","filename":"artifacts/Exchange.Windows.AttackSimulation.AtomicRedTeam.yaml","metadata":null}
{"artifact":"Exchange.Windows.Audit.CISCat_Lite","filename":"artifacts/Exchange.Windows.Audit.CISCat_Lite.yaml","metadata":null}
{"artifact":"Exchange.Windows.Binary.Exports","filename":"artifacts/Exchange.Windows.Binary.Exports.yaml","metadata":null}
{"artifact":"Exchange.Windows.Bulk.File","filename":"artifacts/Exchange.Windows.Bulk.File.yaml","metadata":null}
{"artifact":"Exchange.Windows.Carving.BRc4","filename":"artifacts/Exchange.Windows.Carving.BRc4.yaml","metadata":null}
{"artifact":"Exchange.Windows.Carving.BumbleBee","filename":"artifacts/Exchange.Windows.Carving.BumbleBee.yaml","metadata":null}
{"artifact":"Exchange.Windows.Carving.Qakbot","filename":"artifacts/Exchange.Windows.Carving.Qakbot.yaml","metadata":null}
{"artifact":"Exchange.Windows.Carving.SquirrelWaffle","filename":"artifacts/Exchange.Windows.Carving.SquirrelWaffle.yaml","metadata":null}
{"artifact":"Exchange.Windows.Carving.SystemBC","filename":"artifacts/Exchange.Windows.Carving.SystemBC.yaml","metadata":null}
{"artifact":"Exchange.Windows.Detection.BruteRatel","filename":"artifacts/Exchange.Windows.Detection.BruteRatel.yaml","metadata":null}
{"artifact":"Exchange.Windows.Detection.Honeyfiles","filename":"artifacts/Exchange.Windows.Detection.Honeyfiles.yaml","metadata":null}
{"artifact":"Exchange.Windows.Detection.ISOMount","filename":"artifacts/Exchange.Windows.Detection.ISOMount.yaml","metadata":null}
{"artifact":"Exchange.Windows.Detection.IdatLoader","filename":"artifacts/Exchange.Windows.Detection.IdatLoader.yaml","metadata":null}
{"artifact":"Exchange.Windows.Detection.Keylogger","filename":"artifacts/Exchange.Windows.Detection.Keylogger.yaml","metadata":null}
{"artifact":"Exchange.Windows.Detection.MagicWeb","filename":"artifacts/Exchange.Windows.Detection.MagicWeb.yaml","metadata":null}
{"artifact":"Exchange.Windows.Detection.Malfind","filename":"artifacts/Exchange.Windows.Detection.Malfind.yaml","metadata":null}
{"artifact":"Exchange.Windows.Detection.MoveIt","filename":"artifacts/Exchange.Windows.Detection.MoveIt.yaml","metadata":null}
{"artifact":"Exchange.Windows.Detection.MsdtFollina","filename":"artifacts/Exchange.Windows.Detection.MsdtFollina.yaml","metadata":null}
{"artifact":"Exchange.Windows.Detection.Network.Changed","filename":"artifacts/Exchange.Windows.Detection.Network.Changed.yaml","metadata":null}
{"artifact":"Exchange.Windows.Detection.Ntdsutil","filename":"artifacts/Exchange.Windows.Detection.Ntdsutil.yaml","metadata":null}
{"artifact":"Exchange.Windows.Detection.Onenote","filename":"artifacts/Exchange.Windows.Detection.Onenote.yaml","metadata":null}
{"artifact":"Exchange.Windows.Detection.PipeHunter","filename":"artifacts/Exchange.Windows.Detection.PipeHunter.yaml","metadata":null}
{"artifact":"Exchange.Windows.Detection.PrefetchHunter","filename":"artifacts/Exchange.Windows.Detection.PrefetchHunter.yaml","metadata":null}
{"artifact":"Exchange.Windows.Detection.PrintNightmare","filename":"artifacts/Exchange.Windows.Detection.PrintNightmare.yaml","metadata":null}
{"artifact":"Exchange.Windows.Detection.ProxyHunter","filename":"artifacts/Exchange.Windows.Detection.ProxyHunter.yaml","metadata":null}
{"artifact":"Exchange.Windows.Detection.ProxyLogon.ProxyShell","filename":"artifacts/Exchange.Windows.Detection.ProxyLogon.ProxyShell.yaml","metadata":null}
{"artifact":"Exchange.Windows.Detection.PublicIP","filename":"artifacts/Exchange.Windows.Detection.PublicIP.yaml","metadata":null}
{"artifact":"Exchange.Windows.Detection.RemoteIconForcedAuth","filename":"artifacts/Exchange.Windows.Detection.RemoteIconForcedAuth.yaml","metadata":null}
{"artifact":"Exchange.Windows.Detection.ScmanagerBackdoor","filename":"artifacts/Exchange.Windows.Detection.ScmanagerBackdoor.yaml","metadata":null}
{"artifact":"Exchange.Windows.Detection.SmoothOperator","filename":"artifacts/Exchange.Windows.Detection.SmoothOperator.yaml","metadata":null}
{"artifact":"Exchange.Windows.Detection.SysAid","filename":"artifacts/Exchange.Windows.Detection.SysAid.yaml","metadata":null}
{"artifact":"Exchange.Windows.Detection.TeamViewerLanguage","filename":"artifacts/Exchange.Windows.Detection.TeamViewerLanguage.yaml","metadata":null}
{"artifact":"Exchange.Windows.Detection.Termsrv","filename":"artifacts/Exchange.Windows.Detection.Termsrv.yaml","metadata":null}
{"artifact":"Exchange.Windows.Detection.USBYara","filename":"artifacts/Exchange.Windows.Detection.USBYara.yaml","metadata":null}
{"artifact":"Exchange.Windows.Detection.UnattendXML","filename":"artifacts/Exchange.Windows.Detection.UnattendXML.yaml","metadata":null}
{"artifact":"Exchange.Windows.Detection.WS_FTP","filename":"artifacts/Exchange.Windows.Detection.WS_FTP.yaml","metadata":null}
{"artifact":"Exchange.Windows.Detection.WonkaVision","filename":"artifacts/Exchange.Windows.Detection.WonkaVision.yaml","metadata":null}
{"artifact":"Exchange.Windows.ESET.Logs","filename":"artifacts/Exchange.Windows.ESET.Logs.yaml","metadata":null}
{"artifact":"Exchange.Windows.ETW.AMSI","filename":"artifacts/Exchange.Windows.ETW.AMSI.yaml","metadata":null}
{"artifact":"Exchange.Windows.ETW.DNSOfflineCollector","filename":"artifacts/Exchange.Windows.ETW.DNSOfflineCollector.yaml","metadata":null}
{"artifact":"Exchange.Windows.ETW.DetectProcessSpoofing","filename":"artifacts/Exchange.Windows.ETW.DetectProcessSpoofing.yaml","metadata":null}
{"artifact":"Exchange.Windows.ETW.Powershell","filename":"artifacts/Exchange.Windows.ETW.Powershell.yaml","metadata":null}
{"artifact":"Exchange.Windows.ETW.ScreenshotTaken","filename":"artifacts/Exchange.Windows.ETW.ScreenshotTaken.yaml","metadata":null}
{"artifact":"Exchange.Windows.ETW.WMIEventing","filename":"artifacts/Exchange.Windows.ETW.WMIEventing.yaml","metadata":null}
{"artifact":"Exchange.Windows.EventLogs.Aurora","filename":"artifacts/Exchange.Windows.EventLogs.Aurora.yaml","metadata":null}
{"artifact":"Exchange.Windows.EventLogs.Bitsadmin","filename":"artifacts/Exchange.Windows.EventLogs.Bitsadmin.yaml","metadata":null}
{"artifact":"Exchange.Windows.EventLogs.Chainsaw","filename":"artifacts/Exchange.Windows.EventLogs.Chainsaw.yaml","metadata":null}
{"artifact":"Exchange.Windows.EventLogs.CondensedAccountUsage","filename":"artifacts/Exchange.Windows.EventLogs.CondensedAccountUsage.yaml","metadata":null}
{"artifact":"Exchange.Windows.EventLogs.DeepBlueCLI","filename":"artifacts/Exchange.Windows.EventLogs.DeepBlueCLI.yaml","metadata":null}
{"artifact":"Exchange.Windows.EventLogs.EvtxHussar","filename":"artifacts/Exchange.Windows.EventLogs.EvtxHussar.yaml","metadata":null}
{"artifact":"Exchange.Windows.EventLogs.Hayabusa","filename":"artifacts/Exchange.Windows.EventLogs.Hayabusa.yaml","metadata":null}
{"artifact":"Exchange.Windows.EventLogs.Hayabusa.Takajo","filename":"artifacts/Exchange.Windows.EventLogs.Hayabusa.Takajo.yaml","metadata":null}
{"artifact":"Exchange.Windows.EventLogs.LogonSessions","filename":"artifacts/Exchange.Windows.EventLogs.LogonSessions.yaml","metadata":null}
{"artifact":"Exchange.Windows.EventLogs.MoveIt","filename":"artifacts/Exchange.Windows.EventLogs.MoveIt.yaml","metadata":null}
{"artifact":"Exchange.Windows.EventLogs.RDPClientActivity","filename":"artifacts/Exchange.Windows.EventLogs.RDPClientActivity.yaml","metadata":null}
{"artifact":"Exchange.Windows.EventLogs.RPCFirewall","filename":"artifacts/Exchange.Windows.EventLogs.RPCFirewall.yaml","metadata":null}
{"artifact":"Exchange.Windows.EventLogs.RecordIDCheck","filename":"artifacts/Exchange.Windows.EventLogs.RecordIDCheck.yaml","metadata":null}
{"artifact":"Exchange.Windows.EventLogs.RemoteAccessVPN","filename":"artifacts/Exchange.Windows.EventLogs.RemoteAccessVPN.yaml","metadata":null}
{"artifact":"Exchange.Windows.EventLogs.SysmonProcessEnriched.yaml","filename":"artifacts/Exchange.Windows.EventLogs.SysmonProcessEnriched.yaml.yaml","metadata":null}
{"artifact":"Exchange.Windows.EventLogs.WonkaVision","filename":"artifacts/Exchange.Windows.EventLogs.WonkaVision.yaml","metadata":null}
{"artifact":"Exchange.Windows.EventLogs.Zircolite","filename":"artifacts/Exchange.Windows.EventLogs.Zircolite.yaml","metadata":null}
{"artifact":"Exchange.Windows.Events.SysmonArchiveMonitor","filename":"artifacts/Exchange.Windows.Events.SysmonArchiveMonitor.yaml","metadata":null}
{"artifact":"Exchange.Windows.Events.SysmonRegistry","filename":"artifacts/Exchange.Windows.Events.SysmonRegistry.yaml","metadata":null}
{"artifact":"Exchange.Windows.Events.TrackProcesses.UseExistingSysmonOnly","filename":"artifacts/Exchange.Windows.Events.TrackProcesses.UseExistingSysmonOnly.yaml","metadata":null}
{"artifact":"Exchange.Windows.Forensics.AdvancedPortScanner","filename":"artifacts/Exchange.Windows.Forensics.AdvancedPortScanner.yaml","metadata":null}
{"artifact":"Exchange.Windows.Forensics.AngryIPScanner","filename":"artifacts/Exchange.Windows.Forensics.AngryIPScanner.yaml","metadata":null}
{"artifact":"Exchange.Windows.Forensics.Clipboard","filename":"artifacts/Exchange.Windows.Forensics.Clipboard.yaml","metadata":null}
{"artifact":"Exchange.Windows.Forensics.FileZilla","filename":"artifacts/Exchange.Windows.Forensics.FileZilla.yaml","metadata":null}
{"artifact":"Exchange.Windows.Forensics.Jumplists_JLECmd","filename":"artifacts/Exchange.Windows.Forensics.Jumplists_JLECmd.yaml","metadata":null}
{"artifact":"Exchange.Windows.Forensics.NotificationsDatabase","filename":"artifacts/Exchange.Windows.Forensics.NotificationsDatabase.yaml","metadata":null}
{"artifact":"Exchange.Windows.Forensics.PersistenceSniper","filename":"artifacts/Exchange.Windows.Forensics.PersistenceSniper.yaml","metadata":null}
{"artifact":"Exchange.Windows.Forensics.RecentFileCache","filename":"artifacts/Exchange.Windows.Forensics.RecentFileCache.yaml","metadata":null}
{"artifact":"Exchange.Windows.Forensics.SoftPerfectNetworkScanner","filename":"artifacts/Exchange.Windows.Forensics.SoftPerfectNetworkScanner.yaml","metadata":null}
{"artifact":"Exchange.Windows.Forensics.TabState","filename":"artifacts/Exchange.Windows.Forensics.TabState.yaml","metadata":null}
{"artifact":"Exchange.Windows.Forensics.ThumbCache","filename":"artifacts/Exchange.Windows.Forensics.ThumbCache.yaml","metadata":null}
{"artifact":"Exchange.Windows.Forensics.Trawler","filename":"artifacts/Exchange.Windows.Forensics.Trawler.yaml","metadata":null}
{"artifact":"Exchange.Windows.Forensics.UEFI.BootApplication","filename":"artifacts/Exchange.Windows.Forensics.UEFI.BootApplication.yaml","metadata":null}
{"artifact":"Exchange.Windows.Forensics.WindowsNotepadParser","filename":"artifacts/Exchange.Windows.Forensics.WindowsNotepadParser.yaml","metadata":null}
{"artifact":"Exchange.Windows.Generic.Internet.BlockAccess","filename":"artifacts/Exchange.Windows.Generic.Internet.BlockAccess.yaml","metadata":null}
{"artifact":"Exchange.Windows.HardeningKitty","filename":"artifacts/Exchange.Windows.HardeningKitty.yaml","metadata":null}
{"artifact":"Exchange.Windows.Hunter.Yara.LOLDrivers","filename":"artifacts/Exchange.Windows.Hunter.Yara.LOLDrivers.yaml","metadata":null}
{"artifact":"Exchange.Windows.LastDomainUsers","filename":"artifacts/Exchange.Windows.LastDomainUsers.yaml","metadata":null}
{"artifact":"Exchange.Windows.Memory.HollowsHunter","filename":"artifacts/Exchange.Windows.Memory.HollowsHunter.yaml","metadata":null}
{"artifact":"Exchange.Windows.Memory.InjectedThreadEx","filename":"artifacts/Exchange.Windows.Memory.InjectedThreadEx.yaml","metadata":null}
{"artifact":"Exchange.Windows.MobaXterm.Passwords","filename":"artifacts/Exchange.Windows.MobaXterm.Passwords.yaml","metadata":null}
{"artifact":"Exchange.Windows.Monitor.USBPlugIn","filename":"artifacts/Exchange.Windows.Monitor.USBPlugIn.yaml","metadata":null}
{"artifact":"Exchange.Windows.Monitoring.PrintNightmare","filename":"artifacts/Exchange.Windows.Monitoring.PrintNightmare.yaml","metadata":null}
{"artifact":"Exchange.Windows.Mounted.Mass.Storage","filename":"artifacts/Exchange.Windows.Mounted.Mass.Storage.yaml","metadata":null}
{"artifact":"Exchange.Windows.NTFS.MFT.HiveNightmare","filename":"artifacts/Exchange.Windows.NTFS.MFT.HiveNightmare.yaml","metadata":null}
{"artifact":"Exchange.Windows.NTFS.Timestomp","filename":"artifacts/Exchange.Windows.NTFS.Timestomp.yaml","metadata":null}
{"artifact":"Exchange.Windows.Nirsoft.LastActivityView","filename":"artifacts/Exchange.Windows.Nirsoft.LastActivityView.yaml","metadata":null}
{"artifact":"Exchange.Windows.Office.MRU","filename":"artifacts/Exchange.Windows.Office.MRU.yaml","metadata":null}
{"artifact":"Exchange.Windows.Persistence.VscodeTasks","filename":"artifacts/Exchange.Windows.Persistence.VscodeTasks.yaml","metadata":null}
{"artifact":"Exchange.Windows.Registry.AteraNetworks","filename":"artifacts/Exchange.Windows.Registry.AteraNetworks.yaml","metadata":null}
{"artifact":"Exchange.Windows.Registry.Bulk.ComputerName","filename":"artifacts/Exchange.Windows.Registry.Bulk.ComputerName.yaml","metadata":null}
{"artifact":"Exchange.Windows.Registry.COMAutoApprovalList","filename":"artifacts/Exchange.Windows.Registry.COMAutoApprovalList.yaml","metadata":null}
{"artifact":"Exchange.Windows.Registry.CVE_2021_40444","filename":"artifacts/Exchange.Windows.Registry.CVE_2021_40444.yaml","metadata":null}
{"artifact":"Exchange.Windows.Registry.CapabilityAccessManager","filename":"artifacts/Exchange.Windows.Registry.CapabilityAccessManager.yaml","metadata":null}
{"artifact":"Exchange.Windows.Registry.CortexEDRDisabled","filename":"artifacts/Exchange.Windows.Registry.CortexEDRDisabled.yaml","metadata":null}
{"artifact":"Exchange.Windows.Registry.DefenderConfig","filename":"artifacts/Exchange.Windows.Registry.DefenderConfig.yaml","metadata":null}
{"artifact":"Exchange.Windows.Registry.Domain","filename":"artifacts/Exchange.Windows.Registry.Domain.yaml","metadata":null}
{"artifact":"Exchange.Windows.Registry.HVCI","filename":"artifacts/Exchange.Windows.Registry.HVCI.yaml","metadata":null}
{"artifact":"Exchange.Windows.Registry.HiddenUsers","filename":"artifacts/Exchange.Windows.Registry.HiddenUsers.yaml","metadata":null}
{"artifact":"Exchange.Windows.Registry.NetshHelperDLLs","filename":"artifacts/Exchange.Windows.Registry.NetshHelperDLLs.yaml","metadata":null}
{"artifact":"Exchange.Windows.Registry.PrintNightmare","filename":"artifacts/Exchange.Windows.Registry.PrintNightmare.yaml","metadata":null}
{"artifact":"Exchange.Windows.Registry.ScheduledTasks","filename":"artifacts/Exchange.Windows.Registry.ScheduledTasks.yaml","metadata":null}
{"artifact":"Exchange.Windows.Registry.TaskCache.HiddenTasks","filename":"artifacts/Exchange.Windows.Registry.TaskCache.HiddenTasks.yaml","metadata":null}
{"artifact":"Exchange.Windows.Remediation.Glob","filename":"artifacts/Exchange.Windows.Remediation.Glob.yaml","metadata":null}
{"artifact":"Exchange.Windows.Remediation.KillProcess","filename":"artifacts/Exchange.Windows.Remediation.KillProcess.yaml","metadata":null}
{"artifact":"Exchange.Windows.Remediation.PrintSpooler","filename":"artifacts/Exchange.Windows.Remediation.PrintSpooler.yaml","metadata":null}
{"artifact":"Exchange.Windows.Remediation.Process","filename":"artifacts/Exchange.Windows.Remediation.Process.yaml","metadata":null}
{"artifact":"Exchange.Windows.Remediation.Registry","filename":"artifacts/Exchange.Windows.Remediation.Registry.yaml","metadata":null}
{"artifact":"Exchange.Windows.Scanner.Yara.Parsed","filename":"artifacts/Exchange.Windows.Scanner.Yara.Parsed.yaml","metadata":null}
{"artifact":"Exchange.Windows.Services.Hijacking","filename":"artifacts/Exchange.Windows.Services.Hijacking.yaml","metadata":null}
{"artifact":"Exchange.Windows.Ssh.AuthorizedKeys","filename":"artifacts/Exchange.Windows.Ssh.AuthorizedKeys.yaml","metadata":null}
{"artifact":"Exchange.Windows.Sys.BitLocker","filename":"artifacts/Exchange.Windows.Sys.BitLocker.yaml","metadata":null}
{"artifact":"Exchange.Windows.Sys.LoggedInUsers","filename":"artifacts/Exchange.Windows.Sys.LoggedInUsers.yaml","metadata":null}
{"artifact":"Exchange.Windows.Sysinternals.PSShutdown","filename":"artifacts/Exchange.Windows.Sysinternals.PSShutdown.yaml","metadata":null}
{"artifact":"Exchange.Windows.Sysinternals.SysmonArchive","filename":"artifacts/Exchange.Windows.Sysinternals.SysmonArchive.yaml","metadata":null}
{"artifact":"Exchange.Windows.System.AccessControlList","filename":"artifacts/Exchange.Windows.System.AccessControlList.yaml","metadata":null}
{"artifact":"Exchange.Windows.System.AppCompatPCA","filename":"artifacts/Exchange.Windows.System.AppCompatPCA.yaml","metadata":null}
{"artifact":"Exchange.Windows.System.BinaryVersion","filename":"artifacts/Exchange.Windows.System.BinaryVersion.yaml","metadata":null}
{"artifact":"Exchange.Windows.System.PowerEfficiencyDiagnostics","filename":"artifacts/Exchange.Windows.System.PowerEfficiencyDiagnostics.yaml","metadata":null}
{"artifact":"Exchange.Windows.System.PowerShell.DetectResponder","filename":"artifacts/Exchange.Windows.System.PowerShell.DetectResponder.yaml","metadata":null}
{"artifact":"Exchange.Windows.System.Powershell.ISEAutoSave","filename":"artifacts/Exchange.Windows.System.Powershell.ISEAutoSave.yaml","metadata":null}
{"artifact":"Exchange.Windows.System.PrinterDriver","filename":"artifacts/Exchange.Windows.System.PrinterDriver.yaml","metadata":null}
{"artifact":"Exchange.Windows.System.Recall.AllWindowEvents","filename":"artifacts/Exchange.Windows.System.Recall.AllWindowEvents.yaml","metadata":null}
{"artifact":"Exchange.Windows.System.Recall.WindowCaptureEvent","filename":"artifacts/Exchange.Windows.System.Recall.WindowCaptureEvent.yaml","metadata":null}
{"artifact":"Exchange.Windows.System.Services.SliverPsexec","filename":"artifacts/Exchange.Windows.System.Services.SliverPsexec.yaml","metadata":null}
{"artifact":"Exchange.Windows.System.WMIProviders","filename":"artifacts/Exchange.Windows.System.WMIProviders.yaml","metadata":null}
{"artifact":"Exchange.Windows.System.WindowsErrorReporting","filename":"artifacts/Exchange.Windows.System.WindowsErrorReporting.yaml","metadata":null}
{"artifact":"Exchange.Windows.Timeline.Prefetch.Improved","filename":"artifacts/Exchange.Windows.Timeline.Prefetch.Improved.yaml","metadata":null}
{"artifact":"Exchange.Windows.Triage.HighValueMemory","filename":"artifacts/Exchange.Windows.Triage.HighValueMemory.yaml","metadata":null}
{"artifact":"Exchange.Windows.Triage.ScreenConnect","filename":"artifacts/Exchange.Windows.Triage.ScreenConnect.yaml","metadata":null}
{"artifact":"Exchange.Windows.Triage.Sysmon","filename":"artifacts/Exchange.Windows.Triage.Sysmon.yaml","metadata":null}
{"artifact":"Exchange.Windows.Utils.DefenderExclusion","filename":"artifacts/Exchange.Windows.Utils.DefenderExclusion.yaml","metadata":null}
{"artifact":"Exchange.Windows.Veeam.RestorePoints.BackupFiles","filename":"artifacts/Exchange.Windows.Veeam.RestorePoints.BackupFiles.yaml","metadata":null}
{"artifact":"Exchange.Windows.Veeam.RestorePoints.MetadataFiles","filename":"artifacts/Exchange.Windows.Veeam.RestorePoints.MetadataFiles.yaml","metadata":null}
{"artifact":"Exchange.Windows.WinSCP.Passwords","filename":"artifacts/Exchange.Windows.WinSCP.Passwords.yaml","metadata":null}
{"artifact":"Generic.Scanner.ThorZIP","filename":"artifacts/Generic.Scanner.ThorZIP.yaml","metadata":null}
{"artifact":"Hasamba.Windows.Timeline.Prefetch.Remote_Management_Tools","filename":"artifacts/Hasamba.Windows.Timeline.Prefetch.Remote_Management_Tools.yaml","metadata":null}
{"artifact":"Linux.EBPF.Monitoring","filename":"artifacts/Linux.EBPF.Monitoring.yaml","metadata":null}
{"artifact":"Linux.Sigma.Base","filename":"artifacts/Linux.Sigma.Base.yaml","metadata":null}
{"artifact":"Linux.Sigma.Base.CaptureTestSet","filename":"artifacts/Linux.Sigma.Base.CaptureTestSet.yaml","metadata":null}
{"artifact":"Linux.Sigma.Base.ReplayTestSet","filename":"artifacts/Linux.Sigma.Base.ReplayTestSet.yaml","metadata":null}
{"artifact":"Linux.Sigma.EBPFBase","filename":"artifacts/Linux.Sigma.EBPFBase.yaml","metadata":null}
{"artifact":"Linux.Sigma.EBPFBase.CaptureTestSet","filename":"artifacts/Linux.Sigma.EBPFBase.CaptureTestSet.yaml","metadata":null}
{"artifact":"Linux.Sigma.EBPFBase.ReplayTestSet","filename":"artifacts/Linux.Sigma.EBPFBase.ReplayTestSet.yaml","metadata":null}
{"artifact":"Linux.Sigma.Triage","filename":"artifacts/Linux.Sigma.Triage.yaml","metadata":null}
{"artifact":"PSList.MalwareBazaarLookup","filename":"artifacts/PSList.MalwareBazaarLookup.yaml","metadata":null}
{"artifact":"Sigma.Windows.Hayabusa.Monitoring","filename":"artifacts/Sigma.Windows.Hayabusa.Monitoring.yaml","metadata":null}
{"artifact":"Windows.Applications.Disk2VHD","filename":"artifacts/Windows.Applications.Disk2VHD.yaml","metadata":null}
{"artifact":"Windows.AttackSimulation.AtomicRedTeam","filename":"artifacts/Windows.AttackSimulation.AtomicRedTeam.yaml","metadata":null}
{"artifact":"Windows.Audit.Pingcastle","filename":"artifacts/Windows.Audit.Pingcastle.yaml","metadata":null}
{"artifact":"Windows.ETW.Monitoring","filename":"artifacts/Windows.ETW.Monitoring.yaml","metadata":null}
{"artifact":"Windows.Hayabusa.Monitoring","filename":"artifacts/Windows.Hayabusa.Monitoring.yaml","metadata":null}
{"artifact":"Windows.Hayabusa.Rules","filename":"artifacts/Windows.Hayabusa.Rules.yaml","metadata":null}
{"artifact":"Windows.Registry.Hunter","filename":"artifacts/Windows.Registry.Hunter.yaml","metadata":null}
{"artifact":"Windows.Sigma.Base","filename":"artifacts/Windows.Sigma.Base.yaml","metadata":null}
{"artifact":"Windows.Sigma.Base.CaptureTestSet","filename":"artifacts/Windows.Sigma.Base.CaptureTestSet.yaml","metadata":null}
{"artifact":"Windows.Sigma.Base.ReplayTestSet","filename":"artifacts/Windows.Sigma.Base.ReplayTestSet.yaml","metadata":null}
{"artifact":"Windows.Sigma.BaseEvents","filename":"artifacts/Windows.Sigma.BaseEvents.yaml","metadata":null}
{"artifact":"Windows.Sigma.BaseEvents.CaptureTestSet","filename":"artifacts/Windows.Sigma.BaseEvents.CaptureTestSet.yaml","metadata":null}
{"artifact":"Windows.Sigma.BaseVQL","filename":"artifacts/Windows.Sigma.BaseVQL.yaml","metadata":null}
{"artifact":"Windows.Sigma.ETWBase","filename":"artifacts/Windows.Sigma.ETWBase.yaml","metadata":null}
{"artifact":"Windows.Sigma.ETWBase.CaptureTestSet","filename":"artifacts/Windows.Sigma.ETWBase.CaptureTestSet.yaml","metadata":null}
{"artifact":"Windows.Sigma.ETWBase.ReplayTestSet","filename":"artifacts/Windows.Sigma.ETWBase.ReplayTestSet.yaml","metadata":null}
{"artifact":"Windows.Sigma.Events.ReplayTestSet","filename":"artifacts/Windows.Sigma.Events.ReplayTestSet.yaml","metadata":null}
{"artifact":"Windows.Sigma.Triage","filename":"artifacts/Windows.Sigma.Triage.yaml","metadata":null}
